{
  "fill" : {
    "linear-gradient" : [
      "display-p3:0.65882,0.14118,0.09412,1.00000",
      "display-p3:0.75294,0.20000,0.14510,1.00000"
    ]
  },
  "groups" : [
    {
      "layers" : [
        {
          "fill" : {
            "solid" : "srgb:1.00000,1.00000,1.00000,1.00000"
          },
          "image-name" : "Asset 3.svg",
          "name" : "Asset 3",
          "position" : {
            "scale" : 1.28,
            "translation-in-points" : [
              0,
              0
            ]
          }
        }
      ],
      "shadow" : {
        "kind" : "neutral",
        "opacity" : 0.5
      },
      "translucency" : {
        "enabled" : true,
        "value" : 0.5
      }
    },
    {
      "layers" : [
        {
          "fill-specializations" : [
            {
              "appearance" : "dark",
              "value" : {
                "automatic-gradient" : "srgb:0.45318,0.32106,0.32273,1.00000"
              }
            },
            {
              "appearance" : "tinted",
              "value" : {
                "solid" : "extended-srgb:0.00000,0.47843,1.00000,1.00000"
              }
            }
          ],
          "image-name" : "Asset 1.svg",
          "name" : "Asset 1",
          "opacity-specializations" : [
            {
              "appearance" : "dark",
              "value" : 1
            },
            {
              "appearance" : "tinted",
              "value" : 0.78
            }
          ],
          "position" : {
            "scale" : 1.28,
            "translation-in-points" : [
              -3.609375,
              3.65625
            ]
          }
        }
      ],
      "name" : "SVG",
      "shadow" : {
        "kind" : "neutral",
        "opacity" : 0.5
      },
      "translucency" : {
        "enabled" : true,
        "value" : 0.5
      }
    }
  ],
  "supported-platforms" : {
    "circles" : [
      "watchOS"
    ],
    "squares" : "shared"
  }
}