{
  "fill" : "automatic",
  "groups" : [
    {
      "layers" : [
        {
          "fill-specializations" : [
            {
              "value" : {
                "linear-gradient" : [
                  "display-p3:0.57255,0.77255,0.94118,1.00000",
                  "display-p3:0.21176,0.41961,0.80000,1.00000"
                ]
              }
            },
            {
              "appearance" : "tinted",
              "value" : {
                "solid" : "display-p3:0.57255,0.77255,0.94118,1.00000"
              }
            }
          ],
          "image-name" : "Asset 3.svg",
          "name" : "Asset 3",
          "position" : {
            "scale" : 1.36,
            "translation-in-points" : [
              -15.2265625,
              -272.75
            ]
          }
        }
      ],
      "shadow" : {
        "kind" : "neutral",
        "opacity" : 0.5
      },
      "translucency" : {
        "enabled" : true,
        "value" : 0.5
      }
    },
    {
      "layers" : [
        {
          "fill-specializations" : [
            {
              "appearance" : "tinted",
              "value" : "automatic"
            }
          ],
          "glass" : false,
          "image-name" : "4EE08D7F-FEA8-474D-BBB6-B946BB6F9EF7.png",
          "name" : "4EE08D7F-FEA8-474D-BBB6-B946BB6F9EF7",
          "position" : {
            "scale" : 0.71,
            "translation-in-points" : [
              8.4921875,
              144.8125
            ]
          }
        }
      ],
      "shadow" : {
        "kind" : "neutral",
        "opacity" : 0.5
      },
      "translucency" : {
        "enabled" : true,
        "value" : 0.5
      }
    }
  ],
  "supported-platforms" : {
    "circles" : [
      "watchOS"
    ],
    "squares" : "shared"
  }
}